{
  "controller/App.controller.js.map": 1759909571556,
  "Component.js": 1759828291623,
  "controller/View1.controller.js": 1759828291631,
  "controller/App.controller.js": 1759828291631,
  "manifest.json": 1759828291623,
  "model/models.js": 1759828291627,
  "Component-dbg.js": 1759828291623,
  "Component.js.map": 1759909571566,
  "controller/View1-dbg.controller.js": 1759828291631,
  "controller/View1.controller.js.map": 1759909571553,
  "controller/App-dbg.controller.js": 1759828291631,
  "i18n/i18n.properties": 1759828291623,
  "model/models-dbg.js": 1759828291627,
  "model/models.js.map": 1759909571559,
  "Component-preload.js": 1759909571639,
  "Component-preload.js.map": 1759909571639,
  "view/View1.view.xml": 1759828291631,
  "view/App.view.xml": 1759828291631,
  "css/style.css": 1759828291631,
  "index.html": 1759828291623
}